{
    "0": [ [ 1, 1 ] ],
    "1": [ [ 0, 1 ], [ 2, 1.5 ] ],
    "2": [ [ 1, 1.5 ], [ 3, 0.7000000000000002 ] ],
    "3": [ [ 2, 0.7000000000000002 ], [ 4, 1.2999999999999998 ] ],
    "4": [ [ 3, 1.2999999999999998 ], [ 5, 1.2000000000000002 ] ],
    "5": [ [ 4, 1.2000000000000002 ], [ 6, 1.2000000000000002 ] ],
    "6": [ [ 5, 1.2000000000000002 ], [ 7, 1.299999999999999 ] ],
    "7": [ [ 6, 1.299999999999999 ], [ 8, 1.200000000000001 ] ],
    "8": [ [ 7, 1.200000000000001 ], [ 9, 0.9000000000000004 ] ],
    "9": [ [ 8, 0.9000000000000004 ], [ 10, 1.0999999999999996 ] ],
    "10": [ [ 9, 1.0999999999999996 ], [ 11, 1.0999999999999996 ] ],
    "11": [ [ 10, 1.0999999999999996 ], [ 12, 1.1999999999999993 ] ],
    "12": [
      [ 11, 1.1999999999999993 ],
      [ 13, 1.1000000000000014 ],
      [ 215, 0 ]
    ],
    "13": [ [ 12, 1.1000000000000014 ], [ 14, 1.5999999999999979 ] ],
    "14": [ [ 13, 1.5999999999999979 ], [ 15, 2.1000000000000014 ] ],
    "15": [
      [ 14, 2.1000000000000014 ],
      [ 16, 1.1999999999999993 ],
      [ 40, 0 ],
      [ 149, 0 ]
    ],
    "16": [ [ 15, 1.1999999999999993 ], [ 17, 0.9000000000000021 ] ],
    "17": [ [ 16, 0.9000000000000021 ], [ 18, 0.7999999999999972 ] ],
    "18": [ [ 17, 0.7999999999999972 ], [ 19, 1.7000000000000028 ] ],
    "19": [ [ 18, 1.7000000000000028 ], [ 20, 1.1999999999999993 ] ],
    "20": [
      [ 19, 1.1999999999999993 ],
      [ 21, 1.1999999999999993 ],
      [ 127, 0 ]
    ],
    "21": [ [ 20, 1.1999999999999993 ], [ 22, 0.6999999999999993 ] ],
    "22": [ [ 21, 0.6999999999999993 ], [ 23, 1.1999999999999993 ] ],
    "23": [
      [ 22, 1.1999999999999993 ],
      [ 24, 1.2000000000000028 ],
      [ 186, 0 ]
    ],
    "24": [ [ 23, 1.2000000000000028 ], [ 25, 1 ] ],
    "25": [ [ 24, 1 ], [ 26, 0.7999999999999972 ] ],
    "26": [ [ 25, 0.7999999999999972 ], [ 27, 1.3000000000000007 ] ],
    "27": [ [ 26, 1.3000000000000007 ], [ 28, 1.0000000000000036 ] ],
    "28": [ [ 27, 1.0000000000000036 ] ],
    "29": [ [ 30, 0.8 ] ],
    "30": [ [ 29, 0.8 ], [ 31, 1.3 ] ],
    "31": [ [ 30, 1.3 ], [ 32, 1.2999999999999998 ] ],
    "32": [ [ 31, 1.2999999999999998 ], [ 33, 1.3000000000000003 ] ],
    "33": [ [ 32, 1.3000000000000003 ], [ 34, 1.5 ] ],
    "34": [ [ 33, 1.5 ], [ 35, 1.3999999999999995 ], [ 184, 0 ] ],
    "35": [ [ 34, 1.3999999999999995 ], [ 36, 1.4000000000000004 ] ],
    "36": [ [ 35, 1.4000000000000004 ], [ 37, 0.8000000000000007 ] ],
    "37": [ [ 36, 0.8000000000000007 ], [ 38, 1 ] ],
    "38": [ [ 37, 1 ], [ 39, 1.299999999999999 ] ],
    "39": [ [ 38, 1.299999999999999 ], [ 40, 1.0999999999999996 ] ],
    "40": [
      [ 39, 1.0999999999999996 ],
      [ 41, 1.1000000000000014 ],
      [ 15, 0 ],
      [ 149, 0 ]
    ],
    "41": [ [ 40, 1.1000000000000014 ], [ 42, 1 ] ],
    "42": [ [ 41, 1 ], [ 43, 0.8000000000000007 ] ],
    "43": [
      [ 42, 0.8000000000000007 ],
      [ 44, 1.0999999999999979 ],
      [ 250, 0 ]
    ],
    "44": [ [ 43, 1.0999999999999979 ], [ 45, 1.3000000000000007 ], [ 95, 0 ] ],
    "45": [ [ 44, 1.3000000000000007 ], [ 46, 0.8999999999999986 ], [ 95, 0 ] ],
    "46": [
      [ 45, 0.8999999999999986 ],
      [ 47, 0.3000000000000007 ],
      [ 155, 0 ]
    ],
    "47": [ [ 46, 0.3000000000000007 ], [ 48, 1.6000000000000014 ] ],
    "48": [ [ 47, 1.6000000000000014 ], [ 49, 1.1999999999999993 ] ],
    "49": [ [ 48, 1.1999999999999993 ], [ 50, 1.3000000000000007 ] ],
    "50": [
      [ 49, 1.3000000000000007 ],
      [ 51, 0.8000000000000007 ],
      [ 198, 0 ]
    ],
    "51": [ [ 50, 0.8000000000000007 ], [ 52, 1 ] ],
    "52": [ [ 51, 1 ], [ 53, 1.7999999999999972 ] ],
    "53": [
      [ 52, 1.7999999999999972 ],
      [ 54, 1.7000000000000028 ],
      [ 232, 0 ]
    ],
    "54": [ [ 53, 1.7000000000000028 ], [ 55, 0.8999999999999986 ] ],
    "55": [ [ 54, 0.8999999999999986 ], [ 56, 1.6999999999999993 ] ],
    "56": [ [ 55, 1.6999999999999993 ], [ 57, 1.3000000000000007 ] ],
    "57": [ [ 56, 1.3000000000000007 ], [ 58, 1.6000000000000014 ] ],
    "58": [ [ 57, 1.6000000000000014 ], [ 59, 1.2999999999999972 ] ],
    "59": [ [ 58, 1.2999999999999972 ], [ 60, 2.700000000000003 ] ],
    "60": [ [ 59, 2.700000000000003 ], [ 61, 2.299999999999997 ] ],
    "61": [ [ 60, 2.299999999999997 ], [ 62, 1 ] ],
    "62": [ [ 61, 1 ], [ 63, 1.2000000000000028 ] ],
    "63": [ [ 62, 1.2000000000000028 ], [ 64, 1.1000000000000014 ] ],
    "64": [ [ 63, 1.1000000000000014 ], [ 65, 1.5 ] ],
    "65": [ [ 64, 1.5 ] ],
    "66": [ [ 67, 1.7 ], [ 254, 17.9 ] ],
    "67": [ [ 66, 1.7 ], [ 68, 1.0000000000000002 ] ],
    "68": [ [ 67, 1.0000000000000002 ], [ 69, 1.0999999999999996 ] ],
    "69": [ [ 68, 1.0999999999999996 ], [ 70, 1 ] ],
    "70": [ [ 69, 1 ], [ 71, 1 ] ],
    "71": [ [ 70, 1 ], [ 72, 0.9000000000000004 ] ],
    "72": [ [ 71, 0.9000000000000004 ], [ 73, 0.8999999999999995 ] ],
    "73": [ [ 72, 0.8999999999999995 ], [ 74, 1.5 ] ],
    "74": [ [ 73, 1.5 ], [ 75, 1.0999999999999996 ], [ 246, 0 ] ],
    "75": [ [ 74, 1.0999999999999996 ], [ 76, 1.200000000000001 ] ],
    "76": [ [ 75, 1.200000000000001 ], [ 77, 1 ] ],
    "77": [ [ 76, 1 ], [ 78, 1 ] ],
    "78": [ [ 77, 1 ], [ 79, 1.299999999999999 ] ],
    "79": [ [ 78, 1.299999999999999 ], [ 80, 1 ], [ 221, 0 ] ],
    "80": [ [ 79, 1 ], [ 82, 1 ] ],
    "81": [ [ 80, 1 ], [ 82, 0.9000000000000021 ] ],
    "82": [ [ 81, 0.9000000000000021 ], [ 83, 0.8999999999999986 ] ],
    "83": [ [ 82, 0.8999999999999986 ], [ 84, 1.1000000000000014 ] ],
    "84": [ [ 83, 1.1000000000000014 ], [ 85, 1 ], [ 189, 0 ] ],
    "85": [ [ 84, 1 ], [ 86, 1.1999999999999993 ], [ 125, 0 ] ],
    "86": [ [ 85, 1.1999999999999993 ], [ 87, 1 ] ],
    "87": [ [ 86, 1 ], [ 88, 0.6999999999999993 ], [ 124, 0 ] ],
    "88": [ [ 87, 0.6999999999999993 ], [ 89, 1.3000000000000007 ] ],
    "89": [ [ 88, 1.3000000000000007 ], [ 90, 0.8999999999999986 ] ],
    "90": [ [ 89, 0.8999999999999986 ], [ 91, 1 ] ],
    "91": [ [ 90, 1 ], [ 92, 1.1999999999999993 ] ],
    "92": [ [ 91, 1.1999999999999993 ], [ 93, 1 ] ],
    "93": [ [ 92, 1 ], [ 94, 1.2000000000000028 ] ],
    "94": [ [ 93, 1.2000000000000028 ], [ 95, 0.6999999999999993 ], [ 44, 0 ] ],
    "95": [ [ 94, 0.6999999999999993 ], [ 96, 1 ] ],
    "96": [ [ 95, 1 ], [ 97, 0.8000000000000007 ], [ 153, 0 ] ],
    "97": [ [ 96, 0.8000000000000007 ], [ 98, 0.7999999999999972 ] ],
    "98": [ [ 97, 0.7999999999999972 ], [ 99, 1.8000000000000043 ] ],
    "99": [
      [ 98, 1.8000000000000043 ],
      [ 100, 1.2999999999999972 ],
      [ 116, 0 ]
    ],
    "100": [ [ 99, 1.2999999999999972 ], [ 101, 1.7999999999999972 ] ],
    "101": [
      [ 100, 1.7999999999999972 ],
      [ 102, 1.2000000000000028 ],
      [ 203, 0 ]
    ],
    "102": [ [ 101, 1.2000000000000028 ], [ 103, 0.8999999999999986 ] ],
    "103": [ [ 102, 0.8999999999999986 ], [ 104, 1 ] ],
    "104": [ [ 103, 1 ], [ 105, 1.1000000000000014 ] ],
    "105": [ [ 104, 1.1000000000000014 ], [ 106, 1.1000000000000014 ] ],
    "106": [ [ 105, 1.1000000000000014 ], [ 107, 1.1000000000000014 ] ],
    "107": [
      [ 106, 1.1000000000000014 ],
      [ 108, 1.1999999999999957 ],
      [ 244, 0 ]
    ],
    "108": [ [ 107, 1.1999999999999957 ], [ 109, 1.3000000000000043 ] ],
    "109": [ [ 108, 1.3000000000000043 ], [ 110, 0.8999999999999986 ] ],
    "110": [ [ 109, 0.8999999999999986 ], [ 111, 1.1999999999999957 ] ],
    "111": [
      [ 110, 1.1999999999999957 ],
      [ 112, 1.2000000000000028 ],
      [ 255, 0 ]
    ],
    "112": [ [ 111, 1.2000000000000028 ], [ 113, 1 ] ],
    "113": [ [ 112, 1 ], [ 114, 1.2000000000000028 ] ],
    "114": [ [ 113, 1.2000000000000028 ], [ 115, 1.1999999999999957 ] ],
    "115": [ [ 114, 1.1999999999999957 ] ],
    "116": [ [ 117, 1.3 ], [ 99, 35.2 ], [ 100, 0 ], [ 98, 0 ] ],
    "117": [ [ 116, 1.3 ], [ 118, 1.0999999999999999 ] ],
    "118": [ [ 117, 1.0999999999999999 ], [ 119, 1 ] ],
    "119": [ [ 118, 1 ], [ 120, 1.1999999999999997 ] ],